6E400001-B5A3-F393-E0A9-E50E24DCCA9E,6E400003-B5A3-F393-E0A9-E50E24DCCA9E,Notify,0x017135833F5C6BB2BFB3F61B41804D0000000000
6E400001-B5A3-F393-E0A9-E50E24DCCA9E,6E400003-B5A3-F393-E0A9-E50E24DCCA9E,Notify,0x022C51BB3E90C1F93F5E895AC0804D0000000000
6E400001-B5A3-F393-E0A9-E50E24DCCA9E,6E400003-B5A3-F393-E0A9-E50E24DCCA9E,Notify,0x03799E8F40C049AF430A18E840804D0000000000
6E400001-B5A3-F393-E0A9-E50E24DCCA9E,6E400003-B5A3-F393-E0A9-E50E24DCCA9E,Notify,0x01A4788F3F7131B1BF66D01A418A4D0000000000
6E400001-B5A3-F393-E0A9-E50E24DCCA9E,6E400003-B5A3-F393-E0A9-E50E24DCCA9E,Notify,0x0290C1793EFA181C40713E66C08A4D0000000000
6E400001-B5A3-F393-E0A9-E50E24DCCA9E,6E400003-B5A3-F393-E0A9-E50E24DCCA9E,Notify,0x03377F8F40C04BAF43FCF5E7408A4D0000000000
6E400001-B5A3-F393-E0A9-E50E24DCCA9E,6E400003-B5A3-F393-E0A9-E50E24DCCA9E,Notify,0x0166D2833F297CB5BF0F471A41944D0000000000
6E400001-B5A3-F393-E0A9-E50E24DCCA9E,6E400003-B5A3-F393-E0A9-E50E24DCCA9E,Notify,0x01C3F59C3DB88E4BBFB83C25410A500000000000
6E400001-B5A3-F393-E0A9-E50E24DCCA9E,6E400003-B5A3-F393-E0A9-E50E24DCCA9E,Notify,0x027725EA3FF4311840E76310400A500000000000
6E400001-B5A3-F393-E0A9-E50E24DCCA9E,6E400003-B5A3-F393-E0A9-E50E24DCCA9E,Notify,0x0326FE7A400D47AF43BB54D9400A500000000000
6E400001-B5A3-F393-E0A9-E50E24DCCA9E,6E400003-B5A3-F393-E0A9-E50E24DCCA9E,Notify,0x01D763BA3D520833BF1A29254114500000000000
6E400001-B5A3-F393-E0A9-E50E24DCCA9E,6E400003-B5A3-F393-E0A9-E50E24DCCA9E,Notify,0x013DEA523F5CC393BFAE2F1E4194520000000000
6E400001-B5A3-F393-E0A9-E50E24DCCA9E,6E400003-B5A3-F393-E0A9-E50E24DCCA9E,Notify,0x0290C1F93E381F434051BB524094520000000000
6E400001-B5A3-F393-E0A9-E50E24DCCA9E,6E400003-B5A3-F393-E0A9-E50E24DCCA9E,Notify,0x03CA697E4028EBAF4358CFFA4094520000000000
6E400001-B5A3-F393-E0A9-E50E24DCCA9E,6E400003-B5A3-F393-E0A9-E50E24DCCA9E,Notify,0x0185F35D3FEC819ABF297E1E419E520000000000
6E400001-B5A3-F393-E0A9-E50E24DCCA9E,6E400003-B5A3-F393-E0A9-E50E24DCCA9E,Notify,0x022C513BBFE7631040D4AE04409E520000000000
6E400001-B5A3-F393-E0A9-E50E24DCCA9E,6E400003-B5A3-F393-E0A9-E50E24DCCA9E,Notify,0x03739C7D40CDEBAF43D9AFFB409E520000000000
6E400001-B5A3-F393-E0A9-E50E24DCCA9E,6E400003-B5A3-F393-E0A9-E50E24DCCA9E,Notify,0x0166CE313FAED73CBF7B9619411E550000000000
6E400001-B5A3-F393-E0A9-E50E24DCCA9E,6E400003-B5A3-F393-E0A9-E50E24DCCA9E,Notify,0x02E17C0CBF90C1F93E5E895ABF1E550000000000
6E400001-B5A3-F393-E0A9-E50E24DCCA9E,6E400003-B5A3-F393-E0A9-E50E24DCCA9E,Notify,0x03690D59402DC9B043BF4ED2401E550000000000
6E400001-B5A3-F393-E0A9-E50E24DCCA9E,6E400003-B5A3-F393-E0A9-E50E24DCCA9E,Notify,0x01AE2F1E3F66CE31BF85F9184128550000000000
6E400001-B5A3-F393-E0A9-E50E24DCCA9E,6E400003-B5A3-F393-E0A9-E50E24DCCA9E,Notify,0x020DCE27C090C1793D83F3F1BF28550000000000
6E400001-B5A3-F393-E0A9-E50E24DCCA9E,6E400003-B5A3-F393-E0A9-E50E24DCCA9E,Notify,0x03A7335940BFC8B043D162D14028550000000000
6E400001-B5A3-F393-E0A9-E50E24DCCA9E,6E400003-B5A3-F393-E0A9-E50E24DCCA9E,Notify,0x01A4202E3F338B25BF0FF12141A8570000000000
6E400001-B5A3-F393-E0A9-E50E24DCCA9E,6E400003-B5A3-F393-E0A9-E50E24DCCA9E,Notify,0x022C51BBC1B52BC140FA181CC1A8570000000000
6E400001-B5A3-F393-E0A9-E50E24DCCA9E,6E400003-B5A3-F393-E0A9-E50E24DCCA9E,Notify,0x03B34932402400B143E402A840A8570000000000
6E400001-B5A3-F393-E0A9-E50E24DCCA9E,6E400003-B5A3-F393-E0A9-E50E24DCCA9E,Notify,0x015CBF413F1F1564BFB3211841B2570000000000
6E400001-B5A3-F393-E0A9-E50E24DCCA9E,6E400003-B5A3-F393-E0A9-E50E24DCCA9E,Notify,0x02323883C1A376B540A95D39C1B2570000000000
6E400001-B5A3-F393-E0A9-E50E24DCCA9E,6E400003-B5A3-F393-E0A9-E50E24DCCA9E,Notify,0x03F4CC2F4031ECB043DFE5A440B2570000000000
6E400001-B5A3-F393-E0A9-E50E24DCCA9E,6E400003-B5A3-F393-E0A9-E50E24DCCA9E,Notify,0x0133E386BE520C85BF1F461B413C5A0000000000
6E400001-B5A3-F393-E0A9-E50E24DCCA9E,6E400003-B5A3-F393-E0A9-E50E24DCCA9E,Notify,0x027D0C9EC0B52B8541000020C03C5A0000000000
6E400001-B5A3-F393-E0A9-E50E24DCCA9E,6E400003-B5A3-F393-E0A9-E50E24DCCA9E,Notify,0x038989B1439079AF43ADA88F403C5A0000000000
6E400001-B5A3-F393-E0A9-E50E24DCCA9E,6E400003-B5A3-F393-E0A9-E50E24DCCA9E,Notify,0x0133E386BE29CC72BFC8E71641465A0000000000
6E400001-B5A3-F393-E0A9-E50E24DCCA9E,6E400003-B5A3-F393-E0A9-E50E24DCCA9E,Notify,0x021F83B3400DCE934158A25640465A0000000000
6E400001-B5A3-F393-E0A9-E50E24DCCA9E,6E400003-B5A3-F393-E0A9-E50E24DCCA9E,Notify,0x035976B143DE84AF43D22F9140465A0000000000
6E400001-B5A3-F393-E0A9-E50E24DCCA9E,6E400003-B5A3-F393-E0A9-E50E24DCCA9E,Notify,0x01AE81C4C05258703E33AEFD40C65C0000000000
6E400001-B5A3-F393-E0A9-E50E24DCCA9E,6E400003-B5A3-F393-E0A9-E50E24DCCA9E,Notify,0x02266A37C0AF4465422C513B40C65C0000000000
6E400001-B5A3-F393-E0A9-E50E24DCCA9E,6E400003-B5A3-F393-E0A9-E50E24DCCA9E,Notify,0x03AC22A14305CEB2432EC44941C65C0000000000
6E400001-B5A3-F393-E0A9-E50E24DCCA9E,6E400003-B5A3-F393-E0A9-E50E24DCCA9E,Notify,0x014D6E1AC18FB2903E1F6D453FDA610000000000
6E400001-B5A3-F393-E0A9-E50E24DCCA9E,6E400003-B5A3-F393-E0A9-E50E24DCCA9E,Notify,0x025E898AC058A25641C8E0CCC0DA610000000000
6E400001-B5A3-F393-E0A9-E50E24DCCA9E,6E400003-B5A3-F393-E0A9-E50E24DCCA9E,Notify,0x03877989434DF2F93FD4585542DA610000000000
6E400001-B5A3-F393-E0A9-E50E24DCCA9E,6E400003-B5A3-F393-E0A9-E50E24DCCA9E,Notify,0x01E6E518C17B94B03D338B253FE4610000000000
6E400001-B5A3-F393-E0A9-E50E24DCCA9E,6E400003-B5A3-F393-E0A9-E50E24DCCA9E,Notify,0x021F8333C0391F6B41FA189CC0E4610000000000
6E400001-B5A3-F393-E0A9-E50E24DCCA9E,6E400003-B5A3-F393-E0A9-E50E24DCCA9E,Notify,0x03956589431C92F43FD7735642E4610000000000
6E400001-B5A3-F393-E0A9-E50E24DCCA9E,6E400003-B5A3-F393-E0A9-E50E24DCCA9E,Notify,0x01D2C921C1000000006626933D64640000000000
6E400001-B5A3-F393-E0A9-E50E24DCCA9E,6E400003-B5A3-F393-E0A9-E50E24DCCA9E,Notify,0x0245EDCAC032383F404BD4CEC064640000000000
6E400001-B5A3-F393-E0A9-E50E24DCCA9E,6E400003-B5A3-F393-E0A9-E50E24DCCA9E,Notify,0x0389BE86434DED3941DF6C884264640000000000
6E400001-B5A3-F393-E0A9-E50E24DCCA9E,6E400003-B5A3-F393-E0A9-E50E24DCCA9E,Notify,0x01C3CA20C1D763BA3D5C0F7FBD6E640000000000
6E400001-B5A3-F393-E0A9-E50E24DCCA9E,6E400003-B5A3-F393-E0A9-E50E24DCCA9E,Notify,0x027725EAC01F83B33F6470DEC06E640000000000
6E400001-B5A3-F393-E0A9-E50E24DCCA9E,6E400003-B5A3-F393-E0A9-E50E24DCCA9E,Notify,0x039DBC86430F5C534148B688426E640000000000
6E400001-B5A3-F393-E0A9-E50E24DCCA9E,6E400003-B5A3-F393-E0A9-E50E24DCCA9E,Notify,0x01712DDFBE7BEC113F1F461B418C6E0000000000
6E400001-B5A3-F393-E0A9-E50E24DCCA9E,6E400003-B5A3-F393-E0A9-E50E24DCCA9E,Notify,0x02D4AE84C051BBD2BF58A286C08C6E0000000000
6E400001-B5A3-F393-E0A9-E50E24DCCA9E,6E400003-B5A3-F393-E0A9-E50E24DCCA9E,Notify,0x038E41B2435B8F174059EDF0418C6E0000000000
6E400001-B5A3-F393-E0A9-E50E24DCCA9E,6E400003-B5A3-F393-E0A9-E50E24DCCA9E,Notify,0x016676D0BE5C6F043F430B1B41966E0000000000
6E400001-B5A3-F393-E0A9-E50E24DCCA9E,6E400003-B5A3-F393-E0A9-E50E24DCCA9E,Notify,0x025E89DABE90C179BEF43118C0966E0000000000
6E400001-B5A3-F393-E0A9-E50E24DCCA9E,6E400003-B5A3-F393-E0A9-E50E24DCCA9E,Notify,0x033D43B24340B9174045A9EE41966E0000000000
6E400001-B5A3-F393-E0A9-E50E24DCCA9E,6E400003-B5A3-F393-E0A9-E50E24DCCA9E,Notify,0x01D71194401FC5A63F48A9054116710000000000
6E400001-B5A3-F393-E0A9-E50E24DCCA9E,6E400003-B5A3-F393-E0A9-E50E24DCCA9E,Notify,0x0213B503C14BD4BAC2199CAF4016710000000000
6E400001-B5A3-F393-E0A9-E50E24DCCA9E,6E400003-B5A3-F393-E0A9-E50E24DCCA9E,Notify,0x032335C541A6273A40A70FA34116710000000000
6E400001-B5A3-F393-E0A9-E50E24DCCA9E,6E400003-B5A3-F393-E0A9-E50E24DCCA9E,Notify,0x011FF0A2409A617B3F48D4014120710000000000
6E400001-B5A3-F393-E0A9-E50E24DCCA9E,6E400003-B5A3-F393-E0A9-E50E24DCCA9E,Notify,0x02E17C0C40CEC7B7C2AF44154120710000000000
6E400001-B5A3-F393-E0A9-E50E24DCCA9E,6E400003-B5A3-F393-E0A9-E50E24DCCA9E,Notify,0x03D50FCD414D693D402EC4A44120710000000000
6E400001-B5A3-F393-E0A9-E50E24DCCA9E,6E400003-B5A3-F393-E0A9-E50E24DCCA9E,Notify,0x0194F81941CDAC2B3E0AA92F40A0730000000000
6E400001-B5A3-F393-E0A9-E50E24DCCA9E,6E400003-B5A3-F393-E0A9-E50E24DCCA9E,Notify,0x0232383F40647040C290C179BFA0730000000000
6E400001-B5A3-F393-E0A9-E50E24DCCA9E,6E400003-B5A3-F393-E0A9-E50E24DCCA9E,Notify,0x038239934252CCB143F4F10E42A0730000000000
6E400001-B5A3-F393-E0A9-E50E24DCCA9E,6E400003-B5A3-F393-E0A9-E50E24DCCA9E,Notify,0x011F461B417135033FC399E93FB4780000000000
6E400001-B5A3-F393-E0A9-E50E24DCCA9E,6E400003-B5A3-F393-E0A9-E50E24DCCA9E,Notify,0x022C513BBFAF443D420DCE27C0B4780000000000
6E400001-B5A3-F393-E0A9-E50E24DCCA9E,6E400003-B5A3-F393-E0A9-E50E24DCCA9E,Notify,0x0394AFA9424B8C8E436C3E8F42B4780000000000
6E400001-B5A3-F393-E0A9-E50E24DCCA9E,6E400003-B5A3-F393-E0A9-E50E24DCCA9E,Notify,0x01F6E4194129CCF23E8547ED3FBE780000000000
6E400001-B5A3-F393-E0A9-E50E24DCCA9E,6E400003-B5A3-F393-E0A9-E50E24DCCA9E,Notify,0x0206E7A3BF3F063D4251BB52C0BE780000000000
6E400001-B5A3-F393-E0A9-E50E24DCCA9E,6E400003-B5A3-F393-E0A9-E50E24DCCA9E,Notify,0x0321A1A8421DED8E43A9538F42BE780000000000
6E400001-B5A3-F393-E0A9-E50E24DCCA9E,6E400003-B5A3-F393-E0A9-E50E24DCCA9E,Notify,0x0185F5C6409AC180BF52D9E440347B0000000000
6E400001-B5A3-F393-E0A9-E50E24DCCA9E,6E400003-B5A3-F393-E0A9-E50E24DCCA9E,Notify,0x023F068BC1713E8C4207E77341347B0000000000
6E400001-B5A3-F393-E0A9-E50E24DCCA9E,6E400003-B5A3-F393-E0A9-E50E24DCCA9E,Notify,0x03BBCA1F4217979F43D1549042347B0000000000
6E400001-B5A3-F393-E0A9-E50E24DCCA9E,6E400003-B5A3-F393-E0A9-E50E24DCCA9E,Notify,0x015C0F7F3F00000000CD022441C87D0000000000
6E400001-B5A3-F393-E0A9-E50E24DCCA9E,6E400003-B5A3-F393-E0A9-E50E24DCCA9E,Notify,0x02E17C0CC0ED4A1441199CAFC0C87D0000000000
6E400001-B5A3-F393-E0A9-E50E24DCCA9E,6E400003-B5A3-F393-E0A9-E50E24DCCA9E,Notify,0x033918C54091A0AB43D3114042C87D0000000000
6E400001-B5A3-F393-E0A9-E50E24DCCA9E,6E400003-B5A3-F393-E0A9-E50E24DCCA9E,Notify,0x01A4C84C3FA4706B3D338B2541D27D0000000000
6E400001-B5A3-F393-E0A9-E50E24DCCA9E,6E400003-B5A3-F393-E0A9-E50E24DCCA9E,Notify,0x0283F3A1C013B5FB407D0CEEC0D27D0000000000
6E400001-B5A3-F393-E0A9-E50E24DCCA9E,6E400003-B5A3-F393-E0A9-E50E24DCCA9E,Notify,0x033F0DC240C7AFAB43820C3E42D27D0000000000
6E400001-B5A3-F393-E0A9-E50E24DCCA9E,6E400003-B5A3-F393-E0A9-E50E24DCCA9E,Notify,0x028ADA87C2C8E0744152BB7AC148800000000000
6E400001-B5A3-F393-E0A9-E50E24DCCA9E,6E400003-B5A3-F393-E0A9-E50E24DCCA9E,Notify,0x03BB7B0040D25BA443163DC74148800000000000
6E400001-B5A3-F393-E0A9-E50E24DCCA9E,6E400003-B5A3-F393-E0A9-E50E24DCCA9E,Notify,0x010A57893ED75F68C09AEA134152800000000000
6E400001-B5A3-F393-E0A9-E50E24DCCA9E,6E400003-B5A3-F393-E0A9-E50E24DCCA9E,Notify,0x0283F392C2C2F970414BD4A6C152800000000000
6E400001-B5A3-F393-E0A9-E50E24DCCA9E,6E400003-B5A3-F393-E0A9-E50E24DCCA9E,Notify,0x03C34BED3F2F0BA4431951C54152800000000000
6E400001-B5A3-F393-E0A9-E50E24DCCA9E,6E400003-B5A3-F393-E0A9-E50E24DCCA9E,Notify,0x01140E183E662058C0482811415C800000000000
6E400001-B5A3-F393-E0A9-E50E24DCCA9E,6E400003-B5A3-F393-E0A9-E50E24DCCA9E,Notify,0x01CD544A3F7B9802C19A92B240D2820000000000
6E400001-B5A3-F393-E0A9-E50E24DCCA9E,6E400003-B5A3-F393-E0A9-E50E24DCCA9E,Notify,0x02323871C251BBD2BFC8E074C1D2820000000000
6E400001-B5A3-F393-E0A9-E50E24DCCA9E,6E400003-B5A3-F393-E0A9-E50E24DCCA9E,Notify,0x03369F1E4066ED94435ABCEE41D2820000000000
6E400001-B5A3-F393-E0A9-E50E24DCCA9E,6E400003-B5A3-F393-E0A9-E50E24DCCA9E,Notify,0x017B98823F0F4903C1ECD5A940DC820000000000
6E400001-B5A3-F393-E0A9-E50E24DCCA9E,6E400003-B5A3-F393-E0A9-E50E24DCCA9E,Notify,0x02A37688C213B52BC0EE4AA8C1DC820000000000
6E400001-B5A3-F393-E0A9-E50E24DCCA9E,6E400003-B5A3-F393-E0A9-E50E24DCCA9E,Notify,0x0345872240EA9D9443A83EEF41DC820000000000
6E400001-B5A3-F393-E0A9-E50E24DCCA9E,6E400003-B5A3-F393-E0A9-E50E24DCCA9E,Notify,0x018FB2903F43B522C1A41CDC3F5C850000000000
6E400001-B5A3-F393-E0A9-E50E24DCCA9E,6E400003-B5A3-F393-E0A9-E50E24DCCA9E,Notify,0x022C51F7C13F068B4190C179BF5C850000000000
6E400001-B5A3-F393-E0A9-E50E24DCCA9E,6E400003-B5A3-F393-E0A9-E50E24DCCA9E,Notify,0x036F239B3FCB5188438FCE33425C850000000000
6E400001-B5A3-F393-E0A9-E50E24DCCA9E,6E400003-B5A3-F393-E0A9-E50E24DCCA9E,Notify,0x015CC3933F1F1B1FC11FC1D43F66850000000000
6E400001-B5A3-F393-E0A9-E50E24DCCA9E,6E400003-B5A3-F393-E0A9-E50E24DCCA9E,Notify,0x01A424803F80071FC1C3F51C40F0870000000000
6E400001-B5A3-F393-E0A9-E50E24DCCA9E,6E400003-B5A3-F393-E0A9-E50E24DCCA9E,Notify,0x02713E024213B52BC0713E16C1F0870000000000
6E400001-B5A3-F393-E0A9-E50E24DCCA9E,6E400003-B5A3-F393-E0A9-E50E24DCCA9E,Notify,0x0373EE45405D128C433A597A42F0870000000000
6E400001-B5A3-F393-E0A9-E50E24DCCA9E,6E400003-B5A3-F393-E0A9-E50E24DCCA9E,Notify,0x01009CA83F66D01AC19A6B0840FA870000000000
6E400001-B5A3-F393-E0A9-E50E24DCCA9E,6E400003-B5A3-F393-E0A9-E50E24DCCA9E,Notify,0x02713EE6415E898AC0647036C1FA870000000000
6E400001-B5A3-F393-E0A9-E50E24DCCA9E,6E400003-B5A3-F393-E0A9-E50E24DCCA9E,Notify,0x0389834B40613C8C43B57E7A42FA870000000000
6E400001-B5A3-F393-E0A9-E50E24DCCA9E,6E400003-B5A3-F393-E0A9-E50E24DCCA9E,Notify,0x01B8929D3FE17413C07B8EF5407A8A0000000000
6E400001-B5A3-F393-E0A9-E50E24DCCA9E,6E400003-B5A3-F393-E0A9-E50E24DCCA9E,Notify,0x0290C13D423F06B3C1A95DF5C17A8A0000000000
6E400001-B5A3-F393-E0A9-E50E24DCCA9E,6E400003-B5A3-F393-E0A9-E50E24DCCA9E,Notify,0x03519507402C55AA436FBA78427A8A0000000000
6E400001-B5A3-F393-E0A9-E50E24DCCA9E,6E400003-B5A3-F393-E0A9-E50E24DCCA9E,Notify,0x01667AA23F52B4A3BFCD27E540848A0000000000
6E400001-B5A3-F393-E0A9-E50E24DCCA9E,6E400003-B5A3-F393-E0A9-E50E24DCCA9E,Notify,0x024BD44E4213B5FBC06A57A6C1848A0000000000
6E400001-B5A3-F393-E0A9-E50E24DCCA9E,6E400003-B5A3-F393-E0A9-E50E24DCCA9E,Notify,0x034F7F114091A2AA4363007642848A0000000000
6E400001-B5A3-F393-E0A9-E50E24DCCA9E,6E400003-B5A3-F393-E0A9-E50E24DCCA9E,Notify,0x015C6F04BFA42480BF71081E41048D0000000000
6E400001-B5A3-F393-E0A9-E50E24DCCA9E,6E400003-B5A3-F393-E0A9-E50E24DCCA9E,Notify,0x02E763B84100000000B52BC1C0048D0000000000
6E400001-B5A3-F393-E0A9-E50E24DCCA9E,6E400003-B5A3-F393-E0A9-E50E24DCCA9E,Notify,0x034BADB243BDAFB043431D1B42048D0000000000
6E400001-B5A3-F393-E0A9-E50E24DCCA9E,6E400003-B5A3-F393-E0A9-E50E24DCCA9E,Notify,0x019A691FBF85A3A0BF0A5520410E8D0000000000
6E400001-B5A3-F393-E0A9-E50E24DCCA9E,6E400003-B5A3-F393-E0A9-E50E24DCCA9E,Notify,0x02199C074206E7A33FFA189CC00E8D0000000000
6E400001-B5A3-F393-E0A9-E50E24DCCA9E,6E400003-B5A3-F393-E0A9-E50E24DCCA9E,Notify,0x038DAAB24312DAB04356B319420E8D0000000000
6E400001-B5A3-F393-E0A9-E50E24DCCA9E,6E400003-B5A3-F393-E0A9-E50E24DCCA9E,Notify,0x01140674BF8FD9BA40A9C001418E8F0000000000
6E400001-B5A3-F393-E0A9-E50E24DCCA9E,6E400003-B5A3-F393-E0A9-E50E24DCCA9E,Notify,0x0171DDA13E33E11D41EC819A3F18920000000000
6E400001-B5A3-F393-E0A9-E50E24DCCA9E,6E400003-B5A3-F393-E0A9-E50E24DCCA9E,Notify,0x02D4AE04C0FA181CC0FA189CBE18920000000000
6E400001-B5A3-F393-E0A9-E50E24DCCA9E,6E400003-B5A3-F393-E0A9-E50E24DCCA9E,Notify,0x038941AF4359379D4283BC564218920000000000
6E400001-B5A3-F393-E0A9-E50E24DCCA9E,6E400003-B5A3-F393-E0A9-E50E24DCCA9E,Notify,0x015C6F843EBD591B418F5AAF3F22920000000000
6E400001-B5A3-F393-E0A9-E50E24DCCA9E,6E400003-B5A3-F393-E0A9-E50E24DCCA9E,Notify,0x0290C179BFE76390C00000000022920000000000
6E400001-B5A3-F393-E0A9-E50E24DCCA9E,6E400003-B5A3-F393-E0A9-E50E24DCCA9E,Notify,0x033155AF43BA429D424FDB574222920000000000
6E400001-B5A3-F393-E0A9-E50E24DCCA9E,6E400003-B5A3-F393-E0A9-E50E24DCCA9E,Notify,0x010A57093E5C0F7F3E14372B41A2940000000000
6E400001-B5A3-F393-E0A9-E50E24DCCA9E,6E400003-B5A3-F393-E0A9-E50E24DCCA9E,Notify,0x022C51634183F3F1BF5E895A42A2940000000000
6E400001-B5A3-F393-E0A9-E50E24DCCA9E,6E400003-B5A3-F393-E0A9-E50E24DCCA9E,Notify,0x03F89F0540B0B8853FBFA13842A2940000000000
6E400001-B5A3-F393-E0A9-E50E24DCCA9E,6E400003-B5A3-F393-E0A9-E50E24DCCA9E,Notify,0x0133E3863E7B94303E2EC42741AC940000000000
6E400001-B5A3-F393-E0A9-E50E24DCCA9E,6E400003-B5A3-F393-E0A9-E50E24DCCA9E,Notify,0x01854BBFBEA4CC9E3FAE0422412C970000000000
6E400001-B5A3-F393-E0A9-E50E24DCCA9E,6E400003-B5A3-F393-E0A9-E50E24DCCA9E,Notify,0x02D4AE843F199C2F4113B5ABC02C970000000000
6E400001-B5A3-F393-E0A9-E50E24DCCA9E,6E400003-B5A3-F393-E0A9-E50E24DCCA9E,Notify,0x03BDAC89406A2C9140C06AB3432C970000000000
6E400001-B5A3-F393-E0A9-E50E24DCCA9E,6E400003-B5A3-F393-E0A9-E50E24DCCA9E,Notify,0x019A699FBE0AFFA73FB3CB1F4136970000000000
6E400001-B5A3-F393-E0A9-E50E24DCCA9E,6E400003-B5A3-F393-E0A9-E50E24DCCA9E,Notify,0x02B52B99C1D4AE04C045EDA2C136970000000000
6E400001-B5A3-F393-E0A9-E50E24DCCA9E,6E400003-B5A3-F393-E0A9-E50E24DCCA9E,Notify,0x036F688840750A8C402B5CB34336970000000000
6E400001-B5A3-F393-E0A9-E50E24DCCA9E,6E400003-B5A3-F393-E0A9-E50E24DCCA9E,Notify,0x010A5789BFC3F33340C3A10D41409C0000000000
6E400001-B5A3-F393-E0A9-E50E24DCCA9E,6E400003-B5A3-F393-E0A9-E50E24DCCA9E,Notify,0x0207E72DC28ADAA5C145ED36C2409C0000000000
6E400001-B5A3-F393-E0A9-E50E24DCCA9E,6E400003-B5A3-F393-E0A9-E50E24DCCA9E,Notify,0x03CAD6A440FE8073419D25AE43409C0000000000
6E400001-B5A3-F393-E0A9-E50E24DCCA9E,6E400003-B5A3-F393-E0A9-E50E24DCCA9E,Notify,0x0171D57DBF00444740338D0E414A9C0000000000
6E400001-B5A3-F393-E0A9-E50E24DCCA9E,6E400003-B5A3-F393-E0A9-E50E24DCCA9E,Notify,0x0245ED18C2ED4A80C17725FEC14A9C0000000000
6E400001-B5A3-F393-E0A9-E50E24DCCA9E,6E400003-B5A3-F393-E0A9-E50E24DCCA9E,Notify,0x036263A64012126E41B725AE434A9C0000000000
6E400001-B5A3-F393-E0A9-E50E24DCCA9E,6E400003-B5A3-F393-E0A9-E50E24DCCA9E,Notify,0x0171DD21C0C3A18DBFE6660D41CA9E0000000000
6E400001-B5A3-F393-E0A9-E50E24DCCA9E,6E400003-B5A3-F393-E0A9-E50E24DCCA9E,Notify,0x01A470EB3C5C0F7F3FE11E1B4154A10000000000
6E400001-B5A3-F393-E0A9-E50E24DCCA9E,6E400003-B5A3-F393-E0A9-E50E24DCCA9E,Notify,0x02C8E04CC1A376A1C1F43168C154A10000000000
6E400001-B5A3-F393-E0A9-E50E24DCCA9E,6E400003-B5A3-F393-E0A9-E50E24DCCA9E,Notify,0x011F6DC5BF298007C0438C0F41DEA30000000000
6E400001-B5A3-F393-E0A9-E50E24DCCA9E,6E400003-B5A3-F393-E0A9-E50E24DCCA9E,Notify,0x02199C2FC1BC122742CEC7A8C2DEA30000000000
6E400001-B5A3-F393-E0A9-E50E24DCCA9E,6E400003-B5A3-F393-E0A9-E50E24DCCA9E,Notify,0x0300EFB03F7F57A943B37CA143DEA30000000000
6E400001-B5A3-F393-E0A9-E50E24DCCA9E,6E400003-B5A3-F393-E0A9-E50E24DCCA9E,Notify,0x015CBFC1BF718729C08AEB1241E8A30000000000
6E400001-B5A3-F393-E0A9-E50E24DCCA9E,6E400003-B5A3-F393-E0A9-E50E24DCCA9E,Notify,0x027725EAC05E89504296A8D5C2E8A30000000000
6E400001-B5A3-F393-E0A9-E50E24DCCA9E,6E400003-B5A3-F393-E0A9-E50E24DCCA9E,Notify,0x03616A433F1B55A943873BA143E8A30000000000
6E400001-B5A3-F393-E0A9-E50E24DCCA9E,6E400003-B5A3-F393-E0A9-E50E24DCCA9E,Notify,0x0152E188C0A41E45C0BD5B044168A60000000000
6E400001-B5A3-F393-E0A9-E50E24DCCA9E,6E400003-B5A3-F393-E0A9-E50E24DCCA9E,Notify,0x010A5789BE712DDF3E33E11D417CAB0000000000
6E400001-B5A3-F393-E0A9-E50E24DCCA9E,6E400003-B5A3-F393-E0A9-E50E24DCCA9E,Notify,0x028ADA1B42A95DB9C013B5B0C27CAB0000000000
6E400001-B5A3-F393-E0A9-E50E24DCCA9E,6E400003-B5A3-F393-E0A9-E50E24DCCA9E,Notify,0x03B424F33EB05CC24084EA9A437CAB0000000000
6E400001-B5A3-F393-E0A9-E50E24DCCA9E,6E400003-B5A3-F393-E0A9-E50E24DCCA9E,Notify,0x01712DDF3E48A1613E76CF1B4186AB0000000000
6E400001-B5A3-F393-E0A9-E50E24DCCA9E,6E400003-B5A3-F393-E0A9-E50E24DCCA9E,Notify,0x0200000C4213B5ABC077258BC286AB0000000000
6E400001-B5A3-F393-E0A9-E50E24DCCA9E,6E400003-B5A3-F393-E0A9-E50E24DCCA9E,Notify,0x0386760C3FDFEFCB4090D59A4386AB0000000000
6E400001-B5A3-F393-E0A9-E50E24DCCA9E,6E400003-B5A3-F393-E0A9-E50E24DCCA9E,Notify,0x017B9430BDC3F59C3C7BC1154106AE0000000000
6E400001-B5A3-F393-E0A9-E50E24DCCA9E,6E400003-B5A3-F393-E0A9-E50E24DCCA9E,Notify,0x0213B5ABC0D4AE84BFE17CF0C106AE0000000000
6E400001-B5A3-F393-E0A9-E50E24DCCA9E,6E400003-B5A3-F393-E0A9-E50E24DCCA9E,Notify,0x033491353FD5B20C409F56994306AE0000000000
6E400001-B5A3-F393-E0A9-E50E24DCCA9E,6E400003-B5A3-F393-E0A9-E50E24DCCA9E,Notify,0x01A470EB3D3333443D2E9B144110AE0000000000
6E400001-B5A3-F393-E0A9-E50E24DCCA9E,6E400003-B5A3-F393-E0A9-E50E24DCCA9E,Notify,0x02A376B5C007E7F34013B52BC210AE0000000000
6E400001-B5A3-F393-E0A9-E50E24DCCA9E,6E400003-B5A3-F393-E0A9-E50E24DCCA9E,Notify,0x037D3F223F41E60740C564994310AE0000000000
6E400001-B5A3-F393-E0A9-E50E24DCCA9E,6E400003-B5A3-F393-E0A9-E50E24DCCA9E,Notify,0x01661E6FBFA4706B3C430B1B4186B00000000000
6E400001-B5A3-F393-E0A9-E50E24DCCA9E,6E400003-B5A3-F393-E0A9-E50E24DCCA9E,Notify,0x013DEA5240B83C25C0D275124124B30000000000
6E400001-B5A3-F393-E0A9-E50E24DCCA9E,6E400003-B5A3-F393-E0A9-E50E24DCCA9E,Notify,0x020DCE9341D4AE8441266ACBC124B30000000000
6E400001-B5A3-F393-E0A9-E50E24DCCA9E,6E400003-B5A3-F393-E0A9-E50E24DCCA9E,Notify,0x03C89A76418AC3A843E579AF4324B30000000000
6E400001-B5A3-F393-E0A9-E50E24DCCA9E,6E400003-B5A3-F393-E0A9-E50E24DCCA9E,Notify,0x01009A3F40B8921DC0523518412EB30000000000
6E400001-B5A3-F393-E0A9-E50E24DCCA9E,6E400003-B5A3-F393-E0A9-E50E24DCCA9E,Notify,0x0290C129410000C8418ADA1BC22EB30000000000
6E400001-B5A3-F393-E0A9-E50E24DCCA9E,6E400003-B5A3-F393-E0A9-E50E24DCCA9E,Notify,0x0307E37241E4DBA8431470AF432EB30000000000
6E400001-B5A3-F393-E0A9-E50E24DCCA9E,6E400003-B5A3-F393-E0A9-E50E24DCCA9E,Notify,0x01B8E2DA3F0098D6BF3D9A1541AEB50000000000
6E400001-B5A3-F393-E0A9-E50E24DCCA9E,6E400003-B5A3-F393-E0A9-E50E24DCCA9E,Notify,0x02323867415E890A42C2F9C8C1AEB50000000000
6E400001-B5A3-F393-E0A9-E50E24DCCA9E,6E400003-B5A3-F393-E0A9-E50E24DCCA9E,Notify,0x03BA27B240556EAC43D2FDB043AEB50000000000
6E400001-B5A3-F393-E0A9-E50E24DCCA9E,6E400003-B5A3-F393-E0A9-E50E24DCCA9E,Notify,0x01859FCE3F1F6DC5BF48FD1441B8B50000000000
6E400001-B5A3-F393-E0A9-E50E24DCCA9E,6E400003-B5A3-F393-E0A9-E50E24DCCA9E,Notify,0x026A573A41E7630642E17CA0C1B8B50000000000
6E400001-B5A3-F393-E0A9-E50E24DCCA9E,6E400003-B5A3-F393-E0A9-E50E24DCCA9E,Notify,0x0349D2A8408884AC431CFDB043B8B50000000000
6E400001-B5A3-F393-E0A9-E50E24DCCA9E,6E400003-B5A3-F393-E0A9-E50E24DCCA9E,Notify,0x010040753E00F0B7BFFB2A23412EB80000000000
6E400001-B5A3-F393-E0A9-E50E24DCCA9E,6E400003-B5A3-F393-E0A9-E50E24DCCA9E,Notify,0x024BD4A1424BD41242713E2FC32EB80000000000
6E400001-B5A3-F393-E0A9-E50E24DCCA9E,6E400003-B5A3-F393-E0A9-E50E24DCCA9E,Notify,0x03B276AF43EE74AD431EE4A9432EB80000000000
6E400001-B5A3-F393-E0A9-E50E24DCCA9E,6E400003-B5A3-F393-E0A9-E50E24DCCA9E,Notify,0x017181EE3F66D2833FC8911E41C2BA0000000000
6E400001-B5A3-F393-E0A9-E50E24DCCA9E,6E400003-B5A3-F393-E0A9-E50E24DCCA9E,Notify,0x0290C1F9BD391F6BC258A21AC2C2BA0000000000
6E400001-B5A3-F393-E0A9-E50E24DCCA9E,6E400003-B5A3-F393-E0A9-E50E24DCCA9E,Notify,0x03F819CB400B69AF3E75D9B243C2BA0000000000
6E400001-B5A3-F393-E0A9-E50E24DCCA9E,6E400003-B5A3-F393-E0A9-E50E24DCCA9E,Notify,0x011F69F33F00F4893FC8BC1A41CCBA0000000000
6E400001-B5A3-F393-E0A9-E50E24DCCA9E,6E400003-B5A3-F393-E0A9-E50E24DCCA9E,Notify,0x027D0C9E4013B567C2199C39C2CCBA0000000000
6E400001-B5A3-F393-E0A9-E50E24DCCA9E,6E400003-B5A3-F393-E0A9-E50E24DCCA9E,Notify,0x0366F2DE405C58E63EB4B1B243CCBA0000000000
6E400001-B5A3-F393-E0A9-E50E24DCCA9E,6E400003-B5A3-F393-E0A9-E50E24DCCA9E,Notify,0x01661E6FBF3D982CC0BDDA0F4142BD0000000000
6E400001-B5A3-F393-E0A9-E50E24DCCA9E,6E400003-B5A3-F393-E0A9-E50E24DCCA9E,Notify,0x0290C1793FE17C8C40FA1876C242BD0000000000
6E400001-B5A3-F393-E0A9-E50E24DCCA9E,6E400003-B5A3-F393-E0A9-E50E24DCCA9E,Notify,0x03D13EAF433A32AC43512B9F4342BD0000000000
6E400001-B5A3-F393-E0A9-E50E24DCCA9E,6E400003-B5A3-F393-E0A9-E50E24DCCA9E,Notify,0x017B94B03EAE832DC0BD84174156C20000000000
6E400001-B5A3-F393-E0A9-E50E24DCCA9E,6E400003-B5A3-F393-E0A9-E50E24DCCA9E,Notify,0x01D7B3F73EE12004C071331A41E0C40000000000
6E400001-B5A3-F393-E0A9-E50E24DCCA9E,6E400003-B5A3-F393-E0A9-E50E24DCCA9E,Notify,0x018F088940B83E0E3F8F311C416AC70000000000
6E400001-B5A3-F393-E0A9-E50E24DCCA9E,6E400003-B5A3-F393-E0A9-E50E24DCCA9E,Notify,0x027D0C6E429C8F09C1CE4717C36AC70000000000
6E400001-B5A3-F393-E0A9-E50E24DCCA9E,6E400003-B5A3-F393-E0A9-E50E24DCCA9E,Notify,0x03558FCE406ABAAD43F7F895436AC70000000000
6E400001-B5A3-F393-E0A9-E50E24DCCA9E,6E400003-B5A3-F393-E0A9-E50E24DCCA9E,Notify,0x01C3EF61C048FD944057FA2C4108CF0000000000
6E400001-B5A3-F393-E0A9-E50E24DCCA9E,6E400003-B5A3-F393-E0A9-E50E24DCCA9E,Notify,0x01710A87403337963F1A560A4192D10000000000
6E400001-B5A3-F393-E0A9-E50E24DCCA9E,6E400003-B5A3-F393-E0A9-E50E24DCCA9E,Notify,0x026A57E240B52BAD41CEC7BC4192D10000000000
6E400001-B5A3-F393-E0A9-E50E24DCCA9E,6E400003-B5A3-F393-E0A9-E50E24DCCA9E,Notify,0x03C613E541B225B343647DA74392D10000000000
6E400001-B5A3-F393-E0A9-E50E24DCCA9E,6E400003-B5A3-F393-E0A9-E50E24DCCA9E,Notify,0x010AAB984000F0B73FD2CB0A419CD10000000000
6E400001-B5A3-F393-E0A9-E50E24DCCA9E,6E400003-B5A3-F393-E0A9-E50E24DCCA9E,Notify,0x0206E7A3C051BB024158A2C2419CD10000000000
6E400001-B5A3-F393-E0A9-E50E24DCCA9E,6E400003-B5A3-F393-E0A9-E50E24DCCA9E,Notify,0x03086BE441D52BB343CAE1A7439CD10000000000
6E400001-B5A3-F393-E0A9-E50E24DCCA9E,6E400003-B5A3-F393-E0A9-E50E24DCCA9E,Notify,0x019A151040CDFCE8BF615F15411CD40000000000
6E400001-B5A3-F393-E0A9-E50E24DCCA9E,6E400003-B5A3-F393-E0A9-E50E24DCCA9E,Notify,0x0148289140713503BF29A7B140A6D60000000000
6E400001-B5A3-F393-E0A9-E50E24DCCA9E,6E400003-B5A3-F393-E0A9-E50E24DCCA9E,Notify,0x021F83B33F96A80541266AB7C0A6D60000000000
6E400001-B5A3-F393-E0A9-E50E24DCCA9E,6E400003-B5A3-F393-E0A9-E50E24DCCA9E,Notify,0x01718912405C6F843F85241541BADB0000000000
6E400001-B5A3-F393-E0A9-E50E24DCCA9E,6E400003-B5A3-F393-E0A9-E50E24DCCA9E,Notify,0x02DB9558C10000F0C013B521C2BADB0000000000
6E400001-B5A3-F393-E0A9-E50E24DCCA9E,6E400003-B5A3-F393-E0A9-E50E24DCCA9E,Notify,0x03F660584157DFB04312D7A843BADB0000000000
6E400001-B5A3-F393-E0A9-E50E24DCCA9E,6E400003-B5A3-F393-E0A9-E50E24DCCA9E,Notify,0x01F6E419403D9A953F8AC01641C4DB0000000000
6E400001-B5A3-F393-E0A9-E50E24DCCA9E,6E400003-B5A3-F393-E0A9-E50E24DCCA9E,Notify,0x02E17C5CC10DCEF7C0EE4A3CC2C4DB0000000000
6E400001-B5A3-F393-E0A9-E50E24DCCA9E,6E400003-B5A3-F393-E0A9-E50E24DCCA9E,Notify,0x03F2B659417EDEB043C7CBA843C4DB0000000000
6E400001-B5A3-F393-E0A9-E50E24DCCA9E,6E400003-B5A3-F393-E0A9-E50E24DCCA9E,Notify,0x010AA7463FF638293F4361134144DE0000000000
6E400001-B5A3-F393-E0A9-E50E24DCCA9E,6E400003-B5A3-F393-E0A9-E50E24DCCA9E,Notify,0x022083C7C1713E16410DCE4FC144DE0000000000
6E400001-B5A3-F393-E0A9-E50E24DCCA9E,6E400003-B5A3-F393-E0A9-E50E24DCCA9E,Notify,0x03763F10413DB2AF434F0FAB4344DE0000000000
6E400001-B5A3-F393-E0A9-E50E24DCCA9E,6E400003-B5A3-F393-E0A9-E50E24DCCA9E,Notify,0x01CDFC683F297C353F76FA17414EDE0000000000
6E400001-B5A3-F393-E0A9-E50E24DCCA9E,6E400003-B5A3-F393-E0A9-E50E24DCCA9E,Notify,0x02F431FCC11F83B341E17C34C14EDE0000000000
6E400001-B5A3-F393-E0A9-E50E24DCCA9E,6E400003-B5A3-F393-E0A9-E50E24DCCA9E,Notify,0x0332210C41959AAF437220AB434EDE0000000000
6E400001-B5A3-F393-E0A9-E50E24DCCA9E,6E400003-B5A3-F393-E0A9-E50E24DCCA9E,Notify,0x010AAD014085FB01BFF6650E41D8E00000000000
6E400001-B5A3-F393-E0A9-E50E24DCCA9E,6E400003-B5A3-F393-E0A9-E50E24DCCA9E,Notify,0x021F8395C290C15141A37653C2D8E00000000000
6E400001-B5A3-F393-E0A9-E50E24DCCA9E,6E400003-B5A3-F393-E0A9-E50E24DCCA9E,Notify,0x03821D4D416A7FB0437601AE43D8E00000000000
6E400001-B5A3-F393-E0A9-E50E24DCCA9E,6E400003-B5A3-F393-E0A9-E50E24DCCA9E,Notify,0x015C67E03F0040F53D9A941B41E2E00000000000
6E400001-B5A3-F393-E0A9-E50E24DCCA9E,6E400003-B5A3-F393-E0A9-E50E24DCCA9E,Notify,0x020000DCC14BD4CE401F8333C2E2E00000000000
6E400001-B5A3-F393-E0A9-E50E24DCCA9E,6E400003-B5A3-F393-E0A9-E50E24DCCA9E,Notify,0x03F2AD4B415166B043C3E4AD43E2E00000000000
6E400001-B5A3-F393-E0A9-E50E24DCCA9E,6E400003-B5A3-F393-E0A9-E50E24DCCA9E,Notify,0x01AED73C3F8F5AAFBF1F1B1F4162E30000000000
6E400001-B5A3-F393-E0A9-E50E24DCCA9E,6E400003-B5A3-F393-E0A9-E50E24DCCA9E,Notify,0x0296A805C1AF44794296A8BCC262E30000000000
6E400001-B5A3-F393-E0A9-E50E24DCCA9E,6E400003-B5A3-F393-E0A9-E50E24DCCA9E,Notify,0x0148FD943F85F3DDBF66261341ECE50000000000
6E400001-B5A3-F393-E0A9-E50E24DCCA9E,6E400003-B5A3-F393-E0A9-E50E24DCCA9E,Notify,0x02A95DB9C1F4310442CEC714C3ECE50000000000
6E400001-B5A3-F393-E0A9-E50E24DCCA9E,6E400003-B5A3-F393-E0A9-E50E24DCCA9E,Notify,0x034E86B04329D5A743651C9243ECE50000000000
6E400001-B5A3-F393-E0A9-E50E24DCCA9E,6E400003-B5A3-F393-E0A9-E50E24DCCA9E,Notify,0x018FB2103F8F56DDBFA4A30B41F6E50000000000
6E400001-B5A3-F393-E0A9-E50E24DCCA9E,6E400003-B5A3-F393-E0A9-E50E24DCCA9E,Notify,0x0283F3A1C17D0C9E405E8914C3F6E50000000000
6E400001-B5A3-F393-E0A9-E50E24DCCA9E,6E400003-B5A3-F393-E0A9-E50E24DCCA9E,Notify,0x03768DB0432BCCA743F9C49143F6E50000000000
6E400001-B5A3-F393-E0A9-E50E24DCCA9E,6E400003-B5A3-F393-E0A9-E50E24DCCA9E,Notify,0x017B94303E29CCF23ECD2D204176E80000000000
6E400001-B5A3-F393-E0A9-E50E24DCCA9E,6E400003-B5A3-F393-E0A9-E50E24DCCA9E,Notify,0x02FA189CBEE763104190C179C076E80000000000
6E400001-B5A3-F393-E0A9-E50E24DCCA9E,6E400003-B5A3-F393-E0A9-E50E24DCCA9E,Notify,0x03BF84AE431743AE43CFC88C4376E80000000000
6E400001-B5A3-F393-E0A9-E50E24DCCA9E,6E400003-B5A3-F393-E0A9-E50E24DCCA9E,Notify,0x010A5709BD5C0FFF3E33B6214180E80000000000
6E400001-B5A3-F393-E0A9-E50E24DCCA9E,6E400003-B5A3-F393-E0A9-E50E24DCCA9E,Notify,0x027725EA3F51BBD24090C181C180E80000000000
6E400001-B5A3-F393-E0A9-E50E24DCCA9E,6E400003-B5A3-F393-E0A9-E50E24DCCA9E,Notify,0x030E8AAE438757AE433C1B8D4380E80000000000
6E400001-B5A3-F393-E0A9-E50E24DCCA9E,6E400003-B5A3-F393-E0A9-E50E24DCCA9E,Notify,0x0100F0B7BE718540BFC8662241F6EA0000000000
6E400001-B5A3-F393-E0A9-E50E24DCCA9E,6E400003-B5A3-F393-E0A9-E50E24DCCA9E,Notify,0x017BEC91BF9A61FBBFD29E254114F00000000000
6E400001-B5A3-F393-E0A9-E50E24DCCA9E,6E400003-B5A3-F393-E0A9-E50E24DCCA9E,Notify,0x02713E52C2B52B9E4296A8ADC214F00000000000
6E400001-B5A3-F393-E0A9-E50E24DCCA9E,6E400003-B5A3-F393-E0A9-E50E24DCCA9E,Notify,0x038EE5A6431F8FAF43E418984314F00000000000
6E400001-B5A3-F393-E0A9-E50E24DCCA9E,6E400003-B5A3-F393-E0A9-E50E24DCCA9E,Notify,0x018F5E81BF7B9802C00AAB18411EF00000000000
6E400001-B5A3-F393-E0A9-E50E24DCCA9E,6E400003-B5A3-F393-E0A9-E50E24DCCA9E,Notify,0x025E8914C21F83904283F3ABC21EF00000000000
6E400001-B5A3-F393-E0A9-E50E24DCCA9E,6E400003-B5A3-F393-E0A9-E50E24DCCA9E,Notify,0x03B4A3A6431A5CAF43AB0398431EF00000000000
6E400001-B5A3-F393-E0A9-E50E24DCCA9E,6E400003-B5A3-F393-E0A9-E50E24DCCA9E,Notify,0x01A470EB3C00000000F1C7234194F20000000000
6E400001-B5A3-F393-E0A9-E50E24DCCA9E,6E400003-B5A3-F393-E0A9-E50E24DCCA9E,Notify,0x0251BBD2BF7D0C4641ED4A94BF94F20000000000
6E400001-B5A3-F393-E0A9-E50E24DCCA9E,6E400003-B5A3-F393-E0A9-E50E24DCCA9E,Notify,0x03FBA9B043203BD93F5145A74394F20000000000
6E400001-B5A3-F393-E0A9-E50E24DCCA9E,6E400003-B5A3-F393-E0A9-E50E24DCCA9E,Notify,0x01D7633A3F0040F53D66A51E419EF20000000000
6E400001-B5A3-F393-E0A9-E50E24DCCA9E,6E400003-B5A3-F393-E0A9-E50E24DCCA9E,Notify,0x02ED4A94405E899EC164705E409EF20000000000
6E400001-B5A3-F393-E0A9-E50E24DCCA9E,6E400003-B5A3-F393-E0A9-E50E24DCCA9E,Notify,0x026A57E2BF45ED4A3F06E7A3BF1EF50000000000
6E400001-B5A3-F393-E0A9-E50E24DCCA9E,6E400003-B5A3-F393-E0A9-E50E24DCCA9E,Notify,0x0395CEB2431DC6B3439DCEAD431EF50000000000
6E400001-B5A3-F393-E0A9-E50E24DCCA9E,6E400003-B5A3-F393-E0A9-E50E24DCCA9E,Notify,0x01D7B3F73E333344BD57A61D4128F50000000000
6E400001-B5A3-F393-E0A9-E50E24DCCA9E,6E400003-B5A3-F393-E0A9-E50E24DCCA9E,Notify,0x0206E723C05E895A3F06E7A3BF28F50000000000
6E400001-B5A3-F393-E0A9-E50E24DCCA9E,6E400003-B5A3-F393-E0A9-E50E24DCCA9E,Notify,0x0316D4B24316C3B34345E0AD4328F50000000000
6E400001-B5A3-F393-E0A9-E50E24DCCA9E,6E400003-B5A3-F393-E0A9-E50E24DCCA9E,Notify,0x0185FB013FA470EBBCFB801B4132F50000000000
6E400001-B5A3-F393-E0A9-E50E24DCCA9E,6E400003-B5A3-F393-E0A9-E50E24DCCA9E,Notify,0x0129CCF23E5C0F7FBDC3F51C4132FA0000000000
